search URL:,https://patents.google.com/?q=blockchain&q=block-chain&country=US&status=GRANT
id,title,assignee,inventor/author,priority date,filing/creation date,publication date,grant date,result link,representative figure link
US-9569771-B2,Method and system for storage and retrieval of blockchain blocks using galois fields ,"Stephen Lesavich, Zachary C. LESAVICH","Stephen Lesavich, Zachary C. LESAVICH",2011-04-29,2016-06-06,2017-02-14,2017-02-14,https://patents.google.com/patent/US9569771B2/en,https://patentimages.storage.googleapis.com/6a/88/4c/76089aeab0fabb/US09569771-20170214-D00000.png
US-9635000-B1,Blockchain identity management system based on public identities ledger ,Sead Muftic,Sead Muftic,2016-05-25,2016-05-25,2017-04-25,2017-04-25,https://patents.google.com/patent/US9635000B1/en,https://patentimages.storage.googleapis.com/77/26/cf/3a04a6e42eadb5/US09635000-20170425-D00000.png
US-9608829-B2,System and method for creating a multi-branched blockchain with configurable protocol rules ,Blockchain Technologies Corporation,"Nikolaos Spanos, Andrew R. Martin, Eric T. Dixon, Asterios Steven Geros",2014-07-25,2015-07-24,2017-03-28,2017-03-28,https://patents.google.com/patent/US9608829B2/en,https://patentimages.storage.googleapis.com/d7/f5/97/688b360071c952/US09608829-20170328-D00000.png
US-9807106-B2,Mitigating blockchain attack ,British Telecommunications Public Limited Company,"Joshua DANIEL, Gery Ducatel, Theo Dimitrakos",2015-07-31,2016-07-29,2017-10-31,2017-10-31,https://patents.google.com/patent/US9807106B2/en,https://patentimages.storage.googleapis.com/c8/49/aa/2dc147d5b8b9ec/US09807106-20171031-D00000.png
US-9774578-B1,Distributed key secret for rewritable blockchain ,"Accenture Global Solutions Limited, GSC Secrypt, LLC","Giuseppe Ateniese, Michael T. Chiaramonte, David Treat, Bernardo Magri, Daniele Venturi",2016-05-23,2017-05-16,2017-09-26,2017-09-26,https://patents.google.com/patent/US9774578B1/en,https://patentimages.storage.googleapis.com/4b/92/76/d74289fa3d5f76/US09774578-20170926-D00000.png
US-9853819-B2,"Blockchain-supported, node ID-augmented digital record signature method ",Guardtime Ip Holdings Ltd.,"Ahto Truu, Andres Kroonmaa, Michael GAULT, Jeffrey Pearce",2013-08-05,2016-10-17,2017-12-26,2017-12-26,https://patents.google.com/patent/US9853819B2/en,https://patentimages.storage.googleapis.com/d9/92/db/34f28b08c0e198/US09853819-20171226-D00000.png
US-9722790-B2,Identity management service using a blockchain providing certifying transactions between devices ,"ShoCard, Inc.",Armin Ebrahimi,2015-05-05,2016-05-04,2017-08-01,2017-08-01,https://patents.google.com/patent/US9722790B2/en,https://patentimages.storage.googleapis.com/3c/8f/6f/bb2448787162e5/US09722790-20170801-D00000.png
US-9882918-B1,User behavior profile in a blockchain ,"Forcepoint, LLC","Richard Anthony Ford, Brandon L. Swafford, Christopher Brian Shirey, Matthew P. Moynahan, Richard Heath Thompson",2017-05-15,2017-09-29,2018-01-30,2018-01-30,https://patents.google.com/patent/US9882918B1/en,https://patentimages.storage.googleapis.com/06/74/c7/54e3deeecc51bd/US09882918-20180130-D00000.png
US-9934138-B1,Application testing on a blockchain ,International Business Machines Corporation,"Vijay Kumar Ananthapur Bache, Jhilam Bera, Arvind Kumar, Bidhu Sahoo",2016-12-07,2016-12-07,2018-04-03,2018-04-03,https://patents.google.com/patent/US9934138B1/en,https://patentimages.storage.googleapis.com/5f/fd/41/3a3cde0c7e7090/US09934138-20180403-D00000.png
US-9870591-B2,Distributed electronic document review in a blockchain system and computerized scoring based on textual and visual feedback ,Netspective Communications Llc,Shahid N. Shah,2013-09-12,2016-12-21,2018-01-16,2018-01-16,https://patents.google.com/patent/US9870591B2/en,https://patentimages.storage.googleapis.com/e7/6f/d4/7c3657234c4836/US09870591-20180116-D00000.png
US-9849364-B2,Smart device ,Bao Tran,"Bao Tran, Ha Tran",2016-02-02,2017-05-03,2017-12-26,2017-12-26,https://patents.google.com/patent/US9849364B2/en,https://patentimages.storage.googleapis.com/70/09/f3/187df1b29d4bea/US09849364-20171226-D00000.png
US-9836908-B2,System and method for securely receiving and counting votes in an election ,Blockchain Technologies Corporation,"Nikolaos Spanos, Andrew R. Martin, Eric T. Dixon",2014-07-25,2015-08-06,2017-12-05,2017-12-05,https://patents.google.com/patent/US9836908B2/en,https://patentimages.storage.googleapis.com/62/76/2c/cda0758bec4454/US09836908-20171205-D00000.png
US-9298806-B1,System and method for analyzing transactions in a distributed ledger ,"Coinlab, Inc.","Peter Joseph Vessenes, Robert Beach Seidensticker, III",2015-07-08,2015-07-08,2016-03-29,2016-03-29,https://patents.google.com/patent/US9298806B1/en,https://patentimages.storage.googleapis.com/cb/33/62/7b28d3e287b8ab/US09298806-20160329-D00000.png
US-9397985-B1,System and method for providing a cryptographic platform for exchanging information ,"Manifold Technology, Inc.","A. Seger II Robert, Christopher T. Finan",2015-04-14,2015-04-14,2016-07-19,2016-07-19,https://patents.google.com/patent/US9397985B1/en,https://patentimages.storage.googleapis.com/86/bf/bc/f1db3498df32ef/US09397985-20160719-D00000.png
US-9749297-B2,Manicoding for communication verification ,Yaron Gvili,Yaron Gvili,2014-11-12,2014-11-12,2017-08-29,2017-08-29,https://patents.google.com/patent/US9749297B2/en,https://patentimages.storage.googleapis.com/ae/bd/94/a753aa68e5aa1e/US09749297-20170829-D00000.png
US-9898782-B1,"Systems, methods, and program products for operating exchange traded products holding digital math-based assets ","Winklevoss Ip, Llc","Cameron Howard Winklevoss, Tyler Howard Winklevoss, Evan Louis Greebel, Kathleen Hill Moriarty, Gregory Elias Xethalis",2013-06-28,2014-06-27,2018-02-20,2018-02-20,https://patents.google.com/patent/US9898782B1/en,https://patentimages.storage.googleapis.com/dc/50/09/75b1fc72eec3bc/US09898782-20180220-D00000.png
US-9794074-B2,Systems and methods for storing and sharing transactional data using distributed computing systems ,Nasdaq Technology Ab,"Johan TOLL, Fredrik SJÖBLOM",2016-02-04,2017-02-03,2017-10-17,2017-10-17,https://patents.google.com/patent/US9794074B2/en,https://patentimages.storage.googleapis.com/19/e2/9f/309dc344718519/US09794074-20171017-D00000.png
US-9513627-B1,Autonomous coordination of resources amongst robots ,"inVia Robotics, LLC","Lior Elazary, Randolph Charles Voorhies, Frank Parks II Daniel",2016-04-25,2016-04-25,2016-12-06,2016-12-06,https://patents.google.com/patent/US9513627B1/en,https://patentimages.storage.googleapis.com/e7/b2/5e/0fb1b906c01547/US09513627-20161206-D00000.png
US-9667600-B2,Decentralized and distributed secure home subscriber server device ,"At&T Intellectual Property I, L.P.","Roger Piqueras Jover, Joshua Lackey",2015-04-06,2015-04-06,2017-05-30,2017-05-30,https://patents.google.com/patent/US9667600B2/en,https://patentimages.storage.googleapis.com/c3/0b/4e/7460247efcdfd8/US09667600-20170530-D00000.png
US-9703986-B1,Decentralized reputation service for synthetic identities ,"Anonyome Labs, Inc.","Paul Ashley, Steve Shillingford, Greg Clark, Dennis Wilkins, Mike Neuenschwander, Stephen Sartor",2015-05-13,2015-08-13,2017-07-11,2017-07-11,https://patents.google.com/patent/US9703986B1/en,https://patentimages.storage.googleapis.com/e3/99/b7/c88b5b05c9548c/US09703986-20170711-D00000.png
US-9792101-B2,Capacity and automated de-install of linket mobile apps with deep links ,Wesley John Boudville,Wesley John Boudville,2015-11-10,2015-11-10,2017-10-17,2017-10-17,https://patents.google.com/patent/US9792101B2/en,https://patentimages.storage.googleapis.com/f7/38/47/9d4b4bab450809/US09792101-20171017-D00000.png
US-9509690-B2,Methods and systems for managing network activity using biometrics ,Eyelock Llc,"Samuel J. Carter, Christopher L. Ream, Sarvesh Makthal, Stephen Charles Gerber",2015-03-12,2016-03-11,2016-11-29,2016-11-29,https://patents.google.com/patent/US9509690B2/en,https://patentimages.storage.googleapis.com/5c/06/da/48769ab4455da6/US09509690-20161129-D00000.png
US-9760827-B1,Neural network applications in resource constrained environments ,"Alpine Electronics of Silicon Valley, Inc.","Rocky Chau-Hsiung Lin, Thomas Yamasaki, Koichiro Kanda, Diego Rodriguez Risco, Alexander Joseph Ryan",2016-07-22,2017-01-03,2017-09-12,2017-09-12,https://patents.google.com/patent/US9760827B1/en,https://patentimages.storage.googleapis.com/e3/68/48/d87d9232fde640/US09760827-20170912-D00000.png
US-9881176-B2,Fragmenting data for the purposes of persistent storage across multiple immutable data structures ,"ALTR Solutions, Inc.","Scott Nathaniel Goldfarb, James Douglas Beecham, Christopher Edward Struttmann",2015-06-02,2017-08-11,2018-01-30,2018-01-30,https://patents.google.com/patent/US9881176B2/en,https://patentimages.storage.googleapis.com/1f/72/5a/5d834961046ce4/US09881176-20180130-D00000.png
US-9858781-B1,Architecture for access management ,"Tyco Integrated Security, LLC","Richard Campero, Sean DAVIS, Graeme Jarvis, Terezinha Rumble",2016-09-09,2017-05-16,2018-01-02,2018-01-02,https://patents.google.com/patent/US9858781B1/en,https://patentimages.storage.googleapis.com/04/9f/a6/bda52789049e5a/US09858781-20180102-D00000.png
US-9667427-B2,Systems and methods for managing digital identities ,"Cambridge Blockchain, LLC","Alex Oberhauser, Matthew Commons, Alok Bhargava",2015-10-14,2016-10-14,2017-05-30,2017-05-30,https://patents.google.com/patent/US9667427B2/en,https://patentimages.storage.googleapis.com/73/34/36/f6cb6f27b2adba/US09667427-20170530-D00000.png
US-9870562-B2,Method and system for integration of market exchange and issuer processing for blockchain-based transactions ,Mastercard International Incorporated,"Steven Charles DAVIS, Ashish Raghavendra Tetali",2015-05-21,2015-05-21,2018-01-16,2018-01-16,https://patents.google.com/patent/US9870562B2/en,https://patentimages.storage.googleapis.com/2c/16/9f/76f56ea6c76ebc/US09870562-20180116-D00000.png
US-9876775-B2,Generalized entity network translation (GENT) ,"Ent Technologies, Inc.",Timothy Mossbarger,2012-11-09,2015-03-27,2018-01-23,2018-01-23,https://patents.google.com/patent/US9876775B2/en,https://patentimages.storage.googleapis.com/7b/7e/1e/c83d5b102fc12a/US09876775-20180123-D00000.png
US-9818092-B2,System and method for executing financial transactions ,Antti Pennanen,Antti Pennanen,2014-06-04,2014-06-04,2017-11-14,2017-11-14,https://patents.google.com/patent/US9818092B2/en,https://patentimages.storage.googleapis.com/0d/dd/c4/65562c038cbfb6/US09818092-20171114-D00000.png
US-9862222-B1,Digitally encoded seal for document verification ,"Uipco, Llc","Alexander B. Nagelberg, Michael Justin Cairns",2016-04-04,2017-09-14,2018-01-09,2018-01-09,https://patents.google.com/patent/US9862222B1/en,https://patentimages.storage.googleapis.com/6b/6b/50/d096013b2e876a/US09862222-20180109-D00000.png
US-9824031-B1,Efficient clearinghouse transactions with trusted and un-trusted entities ,International Business Machines Corporation,"Raghu K. Ganti, Mudhakar Srivatsa, Dinesh C. Verma",2016-10-28,2016-10-28,2017-11-21,2017-11-21,https://patents.google.com/patent/US9824031B1/en,https://patentimages.storage.googleapis.com/d1/b3/ba/559b9f336b9655/US09824031-20171121-D00000.png
US-9338148-B2,Secure distributed information and password management ,"Verizon Patent And Licensing Inc., Cellco Partnership","Donna L. Polehn, Lalit R. KOTECHA, Patricia R. Chang, Deepak Kakadia, John F. MACIAS, Priscilla Lau, Arda Aksu",2013-11-05,2013-11-05,2016-05-10,2016-05-10,https://patents.google.com/patent/US9338148B2/en,https://patentimages.storage.googleapis.com/b0/5e/26/105473d2622b1c/US09338148-20160510-D00000.png
US-9852427-B2,Systems and methods for sanction screening ,"Idm Global, Inc.",Jose Caldera,2015-11-11,2015-11-11,2017-12-26,2017-12-26,https://patents.google.com/patent/US9852427B2/en,https://patentimages.storage.googleapis.com/af/5c/b3/3f50132e521fb5/US09852427-20171226-D00000.png
US-9928290-B2,Trust framework for platform data ,Accenture Global Solutions Limited,Steven C. Tiell,2015-08-17,2016-04-11,2018-03-27,2018-03-27,https://patents.google.com/patent/US9928290B2/en,https://patentimages.storage.googleapis.com/99/b7/16/eef6046503a074/US09928290-20180327-D00000.png
US-9747586-B1,System and method for issuance of electronic currency substantiated by a reserve of assets ,Cpn Gold B.V.,"Vladimir Nikolayevich Frolov, Damir Nasibullovich Gaynanov, Aleksey Petrovich Romanchuk, Anatoliy Anatolievich Vatolin",2016-06-28,2016-09-12,2017-08-29,2017-08-29,https://patents.google.com/patent/US9747586B1/en,https://patentimages.storage.googleapis.com/70/9c/7d/7bc26301a49cf4/US09747586-20170829-D00000.png
US-9818116-B2,Systems and methods for detecting relations between unknown merchants and merchants with a known connection to fraud ,"Idm Global, Inc.",Jose Caldera,2015-11-11,2015-11-23,2017-11-14,2017-11-14,https://patents.google.com/patent/US9818116B2/en,https://patentimages.storage.googleapis.com/d8/e9/ee/9fd0041cc8006f/US09818116-20171114-D00000.png
US-9870508-B1,Securely authenticating a recording file from initial collection through post-production and distribution ,"Unveiled Labs, Inc.","Roderick Neil Hodgson, Shamir Allibhai",2017-06-01,2017-06-01,2018-01-16,2018-01-16,https://patents.google.com/patent/US9870508B1/en,https://patentimages.storage.googleapis.com/30/12/aa/69a46ccdab8ba7/US09870508-20180116-D00000.png
US-9351124-B1,Location detection and communication through latent dynamic network interactions ,Cognizant Business Services Limited,Edward Martin Shelton,2015-06-29,2015-06-29,2016-05-24,2016-05-24,https://patents.google.com/patent/US9351124B1/en,https://patentimages.storage.googleapis.com/8d/ca/af/91edec93a79e1c/US09351124-20160524-D00000.png
US-9935772-B1,Methods and systems for operating secure digital management aware applications ,"Vijay K Madisetti, Arshdeep Bahga, Michael Richter","Vijay K Madisetti, Arshdeep Bahga, Michael Richter",2016-02-19,2017-08-15,2018-04-03,2018-04-03,https://patents.google.com/patent/US9935772B1/en,https://patentimages.storage.googleapis.com/8a/92/08/008bd5cad493af/US09935772-20180403-D00000.png
US-6938039-B1,Concurrent file across at a target file server during migration of file systems between file servers using a network file system access protocol ,Emc Corporation,"Paul M. Bober, Uresh Vahalia, Aju John, Jeffrey L. Alexander, Uday K. Gupta",2000-06-30,2000-06-30,2005-08-30,2005-08-30,https://patents.google.com/patent/US6938039B1/en,https://patentimages.storage.googleapis.com/US6938039B1/US06938039-20050830-D00000.png
US-9641338-B2,"Method and apparatus for providing a universal deterministically reproducible cryptographic key-pair representation for all SKUs, shipping cartons, and items ","Skuchain, Inc.","Srinivasan Sriram, Zaki N. MANIAN",2015-03-12,2015-03-12,2017-05-02,2017-05-02,https://patents.google.com/patent/US9641338B2/en,https://patentimages.storage.googleapis.com/c3/12/e2/f77192dd25abcd/US09641338-20170502-D00000.png
US-9847997-B2,Server based biometric authentication ,Visa International Service Association,Kim Wagner,2015-11-11,2015-11-11,2017-12-19,2017-12-19,https://patents.google.com/patent/US9847997B2/en,https://patentimages.storage.googleapis.com/db/8b/5c/a54363e3fbcb40/US09847997-20171219-D00000.png
US-676727-A,Match-making machine. ,Fed Match Company,Morris San,1899-10-24,1899-10-24,1901-06-18,1901-06-18,https://patents.google.com/patent/US676727A/en,https://patentimages.storage.googleapis.com/pages/US676727-0.png
US-9760574-B1,Managing I/O requests in file systems ,EMC IP Holding Company LLC,"Jia Zhai, Yingchao Zhou, Ivan Bassov",2014-06-30,2014-06-30,2017-09-12,2017-09-12,https://patents.google.com/patent/US9760574B1/en,https://patentimages.storage.googleapis.com/a9/2e/4b/2e45b62dc5b8d0/US09760574-20170912-D00000.png
US-9825931-B2,System for tracking and validation of an entity in a process data network ,Bank Of America Corporation,"Darrell Johnsrud, Manu Jacob Kurian, Michael Wuehler",2016-01-26,2016-02-22,2017-11-21,2017-11-21,https://patents.google.com/patent/US9825931B2/en,https://patentimages.storage.googleapis.com/f5/33/d9/87118c4008265c/US09825931-20171121-D00000.png
US-9875510-B1,Consensus system for tracking peer-to-peer digital records ,Lance Kasper,Lance Kasper,2015-02-03,2015-05-07,2018-01-23,2018-01-23,https://patents.google.com/patent/US9875510B1/en,https://patentimages.storage.googleapis.com/47/3e/1a/969ae1c8fb5324/US09875510-20180123-D00000.png
US-9436935-B2,Computer system for making a payment using a tip button ,"Coinbase, Inc.",James Bradley Hudon,2014-03-17,2015-03-17,2016-09-06,2016-09-06,https://patents.google.com/patent/US9436935B2/en,https://patentimages.storage.googleapis.com/99/4d/1b/376c170c6a4560/US09436935-20160906-D00000.png
US-318621-A,William heckeet ,,,,,1885-05-19,1885-05-19,https://patents.google.com/patent/US318621A/en,https://patentimages.storage.googleapis.com/pages/US318621-0.png
US-9413735-B1,Managing distribution and retrieval of security key fragments among proxy storage devices ,"Ca, Inc.",Geoffrey R. Hird,2015-01-20,2015-01-20,2016-08-09,2016-08-09,https://patents.google.com/patent/US9413735B1/en,https://patentimages.storage.googleapis.com/58/f1/b0/aab3cb86e3364d/US09413735-20160809-D00000.png
US-9665734-B2,Uniform-frequency records with obscured context ,"Q Bio, Inc.","Jeffrey Howard Kaditz, Andrew Gettings STEVENS, David Grijalva",2015-09-12,2016-09-11,2017-05-30,2017-05-30,https://patents.google.com/patent/US9665734B2/en,https://patentimages.storage.googleapis.com/f9/e8/e2/5ce2a2dd6f7bda/US09665734-20170530-D00000.png
US-9135787-B1,Bitcoin kiosk/ATM device and system integrating enrollment protocol and method of using the same ,"Mark Russell, John W. Russell","Mark Russell, John W. Russell",2014-04-04,2014-04-04,2015-09-15,2015-09-15,https://patents.google.com/patent/US9135787B1/en,https://patentimages.storage.googleapis.com/d9/af/96/21e1a59132dbb6/US09135787-20150915-D00000.png
US-702775-A,Protection of driving-chains. ,Ernest Catchpool,Ernest Catchpool,1902-02-27,1902-02-27,1902-06-17,1902-06-17,https://patents.google.com/patent/US702775A/en,https://patentimages.storage.googleapis.com/pages/US702775-0.png
US-371437-A,Elevator ,,,,,1887-10-11,1887-10-11,https://patents.google.com/patent/US371437A/en,https://patentimages.storage.googleapis.com/pages/US371437-0.png
US-9679276-B1,"Systems and methods for using a block chain to certify the existence, integrity, and/or ownership of a file or communication ","Stampery, Inc.",Luis Iván Cuende,2016-01-26,2016-01-26,2017-06-13,2017-06-13,https://patents.google.com/patent/US9679276B1/en,https://patentimages.storage.googleapis.com/6e/a0/d3/ea1f17d52d3221/US09679276-20170613-D00000.png
US-9875592-B1,Drone used for authentication and authorization for restricted access via an electronic lock ,International Business Machines Corporation,"Thomas D. Erickson, Kala K. Fleming, Clifford A. Pickover, Komminist Weldemariam",2016-08-30,2016-08-30,2018-01-23,2018-01-23,https://patents.google.com/patent/US9875592B1/en,https://patentimages.storage.googleapis.com/2b/b3/9d/e8cd3a35fe7646/US09875592-20180123-D00000.png
US-9480188-B2,Use of computationally generated thermal energy ,LO3 Energy Inc.,"Lawrence Orsini, Yun Wei",2014-11-04,2015-11-04,2016-10-25,2016-10-25,https://patents.google.com/patent/US9480188B2/en,https://patentimages.storage.googleapis.com/82/68/ea/bf72722934974e/US09480188-20161025-D00000.png
US-9942304-B2,Remote control authority and authentication ,N99 Llc,Steven K. Gold,,2017-09-20,2018-04-10,2018-04-10,https://patents.google.com/patent/US9942304B2/en,https://patentimages.storage.googleapis.com/f1/27/53/a0e753a409b29c/US09942304-20180410-D00000.png
US-9705682-B2,Extending DNSSEC trust chains to objects outside the DNS ,"Verisign, Inc.","Burton S. Kaliski, Jr., Eric Osterweil, Glen Wiley",2015-07-06,2015-12-04,2017-07-11,2017-07-11,https://patents.google.com/patent/US9705682B2/en,https://patentimages.storage.googleapis.com/6c/19/1d/30dda33c6b96ed/US09705682-20170711-D00000.png
US-9014661-B2,Mobile security technology ,Christopher deCharms,Christopher deCharms,2013-05-04,2014-09-03,2015-04-21,2015-04-21,https://patents.google.com/patent/US9014661B2/en,https://patentimages.storage.googleapis.com/f8/39/c0/e63ac4922f7811/US09014661-20150421-D00000.png
US-9705851-B2,Extending DNSSEC trust chains to objects outside the DNS ,"Verisign, Inc.","Burton S. Kaliski, Jr., Eric Osterweil, Glen Wiley",2015-07-06,2015-07-31,2017-07-11,2017-07-11,https://patents.google.com/patent/US9705851B2/en,https://patentimages.storage.googleapis.com/86/7f/87/5e13a8e7d87db0/US09705851-20170711-D00000.png
US-9716595-B1,System and method for internet of things (IOT) security and management ,"T-Central, Inc.","David W. Kravitz, Donald Houston Graham, III, Josselyn L. Boudett, Russell S. Dietz",2010-04-30,2017-03-24,2017-07-25,2017-07-25,https://patents.google.com/patent/US9716595B1/en,https://patentimages.storage.googleapis.com/1e/29/56/74e28619ecdce6/US09716595-20170725-D00000.png
US-9832026-B2,System and method from Internet of Things (IoT) security and management ,"T-Central, Inc.","David W. Kravitz, Donald Houston Graham, III, Josselyn L. Boudett, Russell S. Dietz",2010-04-30,2017-06-13,2017-11-28,2017-11-28,https://patents.google.com/patent/US9832026B2/en,https://patentimages.storage.googleapis.com/04/9b/14/49dbc2738aaf63/US09832026-20171128-D00000.png
US-8453219-B2,Systems and methods of assessing permissions in virtual worlds ,"Brian Shuster, Aaron Burch, Dirk Herling, Gary Shuster","Brian Shuster, Aaron Burch, Dirk Herling, Gary Shuster",2011-08-18,2012-08-20,2013-05-28,2013-05-28,https://patents.google.com/patent/US8453219B2/en,https://patentimages.storage.googleapis.com/f2/64/2d/c5733e7b6783b9/US08453219-20130528-D00000.png
US-9888007-B2,Systems and methods to authenticate users and/or control access made by users on a computer network using identity services ,"Idm Global, Inc.","Jose Caldera, Kieran Sherlock, Garrett Gafke",2016-05-13,2017-03-20,2018-02-06,2018-02-06,https://patents.google.com/patent/US9888007B2/en,https://patentimages.storage.googleapis.com/e2/41/95/9f09465dfa96ca/US09888007-20180206-D00000.png
US-9331856-B1,Systems and methods for validating digital signatures ,Symantec Corporation,Qu Bo Song,2014-02-10,2014-02-10,2016-05-03,2016-05-03,https://patents.google.com/patent/US9331856B1/en,https://patentimages.storage.googleapis.com/36/e8/35/114db385fbe668/US09331856-20160503-D00000.png
US-9411976-B2,Communication system and method ,Maidsafe Foundation,David Irvine,2006-12-01,2014-04-24,2016-08-09,2016-08-09,https://patents.google.com/patent/US9411976B2/en,https://patentimages.storage.googleapis.com/75/dc/2b/c9f3131860f84c/US09411976-20160809-D00000.png
US-9659104-B2,Link association analysis systems and methods ,"Nant Holdings Ip, Llc","Luke Soon-Shiong, Patrick Soon-Shiong",2013-02-25,2014-02-18,2017-05-23,2017-05-23,https://patents.google.com/patent/US9659104B2/en,https://patentimages.storage.googleapis.com/53/0a/d8/285d0d0c8f146a/US09659104-20170523-D00000.png
US-8449378-B2,"Gaming system, gaming device and method for utilizing bitcoins ",Igt,"Richard E. Michaelson, Kehl T. LeSourd",2011-09-13,2011-09-13,2013-05-28,2013-05-28,https://patents.google.com/patent/US8449378B2/en,https://patentimages.storage.googleapis.com/df/b8/fc/e3374b7389f334/US08449378-20130528-D00000.png
US-9853977-B1,"System, method, and program product for processing secure transactions within a cloud computing system ","Winklevoss Ip, Llc","Andrew Laucius, Cem Paya, Eric Winer",2015-01-26,2016-01-26,2017-12-26,2017-12-26,https://patents.google.com/patent/US9853977B1/en,https://patentimages.storage.googleapis.com/01/27/25/217f10449d1d59/US09853977-20171226-D00000.png
US-9311640-B2,Methods and arrangements for smartphone payments and transactions ,Digimarc Corporation,Tomas Filler,2014-02-11,2014-02-13,2016-04-12,2016-04-12,https://patents.google.com/patent/US9311640B2/en,https://patentimages.storage.googleapis.com/e0/7b/c3/bc28fc512ba183/US09311640-20160412-D00000.png
US-9514293-B1,Behavioral profiling method and system to authenticate a user ,United Services Automobile Association,"Karen M. Moritz, Stephen Seyler Aultman, Joseph James Albert Campbell, Debra R. Casillas, Jonathan Edward Neuse, Sara Teresa Alonzo, Thomas Bret Buckingham, Gabriel Carlos Fernandez, Maland Keith Mortensen, Hudson Reid Jameson, Michael Frank Morris",2012-03-20,2015-10-12,2016-12-06,2016-12-06,https://patents.google.com/patent/US9514293B1/en,https://patentimages.storage.googleapis.com/d3/c9/48/8463b8c2bd2260/US09514293-20161206-D00000.png
US-8756156-B1,Online management portal ,"HouseTab, LLC","Patrick G. Campi, Nikolaos Plaitakis, Andrew Tauber",2013-02-27,2014-02-27,2014-06-17,2014-06-17,https://patents.google.com/patent/US8756156B1/en,https://patentimages.storage.googleapis.com/49/f1/c4/58f13a9548d0bc/US08756156-20140617-D00000.png
US-9558524-B2,Risk assessment using social networking data ,Socure Inc.,"Sunil Madhu, Giacomo Pallotti, Edward J. Romano, Alexander K. Chavez",2013-03-15,2016-03-23,2017-01-31,2017-01-31,https://patents.google.com/patent/US9558524B2/en,https://patentimages.storage.googleapis.com/cb/5c/74/9b89e908c3fb12/US09558524-20170131-D00000.png
US-9672499-B2,Data analytic and security mechanism for implementing a hot wallet service ,"Modernity Financial Holdings, Ltd.","Danny Yang, Liqin Kou, Alex Liu",2014-04-02,2014-04-18,2017-06-06,2017-06-06,https://patents.google.com/patent/US9672499B2/en,https://patentimages.storage.googleapis.com/03/97/d6/ac37161eb23331/US09672499-20170606-D00000.png
US-9740906-B2,Wearable device ,"Practech, Inc.","Khalid A. AlNasser, Ibrahim O. AlGwaiz, Mohammad A. AlGassim",2013-07-11,2016-05-26,2017-08-22,2017-08-22,https://patents.google.com/patent/US9740906B2/en,https://patentimages.storage.googleapis.com/dd/ec/e0/47c49e10fe2a1c/US09740906-20170822-D00000.png
US-8523657-B2,"Gaming system, gaming device and method for utilizing bitcoins ",Igt,"Richard E. Michaelson, Kehl T. LeSourd",2011-09-13,2011-09-13,2013-09-03,2013-09-03,https://patents.google.com/patent/US8523657B2/en,https://patentimages.storage.googleapis.com/19/d0/12/12b35710179bed/US08523657-20130903-D00000.png
US-9516035-B1,Behavioral profiling method and system to authenticate a user ,United Services Automobile Association,"Karen M. Moritz, Stephen Seyler Aultman, Joseph James Albert Campbell, Debra R. Casillas, Jonathan Edward Neuse, Sara Teresa Alonzo, Thomas Bret Buckingham, Gabriel Carlos Fernandez, Maland Keith Mortensen",2012-03-20,2015-09-16,2016-12-06,2016-12-06,https://patents.google.com/patent/US9516035B1/en,https://patentimages.storage.googleapis.com/c7/76/16/7a6db02a903329/US09516035-20161206-D00000.png
US-9426151-B2,Determining identity of individuals using authenticators ,Ncluud Corporation,"Ronald F. Richards, Bradley N. Rotter, Pavan K. Muddana",2013-11-01,2014-10-31,2016-08-23,2016-08-23,https://patents.google.com/patent/US9426151B2/en,https://patentimages.storage.googleapis.com/38/42/52/fa5f4b8cec33b6/US09426151-20160823-D00000.png
US-9866545-B2,Credential-free user login to remotely executed applications ,"ALTR Solutions, Inc.",James Douglas Beecham,2015-06-02,2017-08-11,2018-01-09,2018-01-09,https://patents.google.com/patent/US9866545B2/en,https://patentimages.storage.googleapis.com/ca/72/7b/6f8aae3f9912d3/US09866545-20180109-D00000.png
US-9710808-B2,Direct digital cash system and method ,Igor V. SLEPININ,Igor V. SLEPININ,2013-09-16,2014-09-08,2017-07-18,2017-07-18,https://patents.google.com/patent/US9710808B2/en,https://patentimages.storage.googleapis.com/f8/5c/cd/95bd6a79bb41fe/US09710808-20170718-D00000.png
US-9852426-B2,Method and system for secure transactions ,Collective Dynamics LLC,Steven V. Bacastow,2008-02-20,2014-12-23,2017-12-26,2017-12-26,https://patents.google.com/patent/US9852426B2/en,https://patentimages.storage.googleapis.com/b2/ea/e5/cb58ebff137851/US09852426-20171226-D00000.png
US-9934502-B1,Contacts for misdirected payments and user authentication ,"Square, Inc.","Brian Grassadonia, Ayokunle Omojola, Michael Moring, Robert Andersen, Daniele Perito, Kristopher Stipech",2017-01-30,2017-01-30,2018-04-03,2018-04-03,https://patents.google.com/patent/US9934502B1/en,https://patentimages.storage.googleapis.com/3f/40/58/138ffe3ccdb970/US09934502-20180403-D00000.png
US-9792742-B2,Decentralized virtual trustless ledger for access control ,"Live Nation Entertainment, Inc.","David Johnson, Joseph Mulkey",2016-02-02,2017-02-02,2017-10-17,2017-10-17,https://patents.google.com/patent/US9792742B2/en,https://patentimages.storage.googleapis.com/a0/70/85/f1a168ef635690/US09792742-20171017-D00000.png
US-9912659-B1,Locking systems with multifactor authentication and changing passcodes ,Matt Widdows,Matt Widdows,2017-04-14,2017-04-14,2018-03-06,2018-03-06,https://patents.google.com/patent/US9912659B1/en,https://patentimages.storage.googleapis.com/db/f5/89/12b098329f066e/US09912659-20180306-D00000.png
US-9702582-B2,Connected thermostat for controlling a climate system based on a desired usage profile in comparison to other connected thermostats controlling other climate systems ,"Ikorongo Technology, LLC",Hugh Blake Svendsen,2015-10-12,2016-07-18,2017-07-11,2017-07-11,https://patents.google.com/patent/US9702582B2/en,https://patentimages.storage.googleapis.com/d2/18/c0/8b08a41a99cef2/US09702582-20170711-D00000.png
US-9830593-B2,Cryptographic currency user directory data and enhanced peer-verification ledger synthesis through multi-modal cryptographic key-address mapping ,"Ss8 Networks, Inc.",Michael Myers,2014-04-26,2014-04-26,2017-11-28,2017-11-28,https://patents.google.com/patent/US9830593B2/en,https://patentimages.storage.googleapis.com/20/ca/bb/1a6fc13b81e5a2/US09830593-20171128-D00000.png
US-9735958-B2,Key ceremony of a security system forming part of a host computer for cryptographic transactions ,"Coinbase, Inc.","Andrew E. Alness, James Bradley Hudon",2015-05-19,2015-05-19,2017-08-15,2017-08-15,https://patents.google.com/patent/US9735958B2/en,https://patentimages.storage.googleapis.com/84/c4/fd/f86235eef8f646/US09735958-20170815-D00000.png
US-9660627-B1,System and techniques for repeating differential signals ,"Bitfury Group Limited, Valerijs Vavilovs",Valerii Nebesnyi,2016-01-05,2016-01-05,2017-05-23,2017-05-23,https://patents.google.com/patent/US9660627B1/en,https://patentimages.storage.googleapis.com/05/28/6a/f2aa9012b3846e/US09660627-20170523-D00000.png
US-9922381-B2,System and method for providing a payment handler API and a browser payment request API for processing a payment ,Monticello Enterprises LLC,"Thomas M. Isaacson, Ryan Connell Durham",2014-03-31,2017-05-23,2018-03-20,2018-03-20,https://patents.google.com/patent/US9922381B2/en,https://patentimages.storage.googleapis.com/da/1b/87/d1c1b4b0ba9212/US09922381-20180320-D00000.png
US-9762562-B2,Techniques for multi-standard peer-to-peer connection ,"Facebook, Inc.","Yael Maguire, Damian Kowalewski, Bin Liu, Wai Davidgeolim Lim, Caitlin Elizabeth Kalinowski",2013-09-13,2014-06-20,2017-09-12,2017-09-12,https://patents.google.com/patent/US9762562B2/en,https://patentimages.storage.googleapis.com/1a/2f/1b/3a5e6e07cbbad0/US09762562-20170912-D00000.png
US-9933790-B2,Peer-to-peer air analysis and treatment ,"Lunatech, Llc",Jonathan Seamus Blackley,2015-06-15,2016-06-13,2018-04-03,2018-04-03,https://patents.google.com/patent/US9933790B2/en,https://patentimages.storage.googleapis.com/ba/6a/70/9409f15ba5b6d6/US09933790-20180403-D00000.png
US-9805360-B1,Location based device flagging and interface ,"Philz Coffee, Inc.",Jacob Jaber,2017-03-17,2017-05-24,2017-10-31,2017-10-31,https://patents.google.com/patent/US9805360B1/en,https://patentimages.storage.googleapis.com/f1/67/73/c84248294c3818/US09805360-20171031-D00000.png
US-9436455-B2,Logging operating system updates of a secure element of an electronic device ,Apple Inc.,"Mehdi ZIAT, Kyle A. Diebolt",2014-01-06,2015-01-06,2016-09-06,2016-09-06,https://patents.google.com/patent/US9436455B2/en,https://patentimages.storage.googleapis.com/48/ac/b0/0e8809fbae805c/US09436455-20160906-D00000.png
US-9852305-B2,Method for provably secure erasure of data ,Nec Corporation,Sebastian GAJEK,2014-10-21,2015-10-21,2017-12-26,2017-12-26,https://patents.google.com/patent/US9852305B2/en,https://patentimages.storage.googleapis.com/cb/41/52/383192c593fdba/US09852305-20171226-D00000.png
US-9633513-B2,Method and system for gaming revenue ,Jackpot Rising Inc.,William Garrett Webb,2014-12-17,2016-07-26,2017-04-25,2017-04-25,https://patents.google.com/patent/US9633513B2/en,https://patentimages.storage.googleapis.com/18/1d/de/dec4ff9c31d9f1/US09633513-20170425-D00000.png
US-9373223-B1,Method and system for gaming revenue ,Jackpot Rising Inc.,William Webb,2014-12-17,2014-12-17,2016-06-21,2016-06-21,https://patents.google.com/patent/US9373223B1/en,https://patentimages.storage.googleapis.com/df/ee/cc/a37b5c1ce5cc24/US09373223-20160621-D00000.png
US-9646029-B1,Methods and apparatus for a distributed database within a network ,"Swirlds, Inc.","Leemon C. Baird, III",2016-06-02,2016-12-21,2017-05-09,2017-05-09,https://patents.google.com/patent/US9646029B1/en,https://patentimages.storage.googleapis.com/46/28/7f/11896c39e41e15/US09646029-20170509-D00000.png
US-9876646-B2,User identification management system and method ,"ShoCard, Inc.","Armin Ebrahimi, Jeff Weitzman",2015-05-05,2016-05-05,2018-01-23,2018-01-23,https://patents.google.com/patent/US9876646B2/en,https://patentimages.storage.googleapis.com/76/46/dd/b2508967e8735c/US09876646-20180123-D00000.png
US-9836790-B2,Cryptocurrency transformation system ,Bank Of America Corporation,"James G. Ronca, Joseph B. Castinado, Heather Dolan, Thomas E. Durbin, Richard H. Thomas",2014-06-16,2014-06-16,2017-12-05,2017-12-05,https://patents.google.com/patent/US9836790B2/en,https://patentimages.storage.googleapis.com/7b/43/4a/cfb9e40b43512e/US09836790-20171205-D00000.png
US-9258307-B2,Decentralized electronic transfer system ,Alcatel Lucent,"Fabio Pianese, Noah Evans",2012-03-02,2013-02-25,2016-02-09,2016-02-09,https://patents.google.com/patent/US9258307B2/en,https://patentimages.storage.googleapis.com/ac/2f/10/cf0b25be388415/US09258307-20160209-D00000.png
US-9552615-B2,Automated database analysis to detect malfeasance ,Palantir Technologies Inc.,"Shivam Mathura, Lucas Lemanowicz, Tim Vergenz",2013-12-20,2015-03-05,2017-01-24,2017-01-24,https://patents.google.com/patent/US9552615B2/en,https://patentimages.storage.googleapis.com/d7/e5/97/49d4a17a8d1d3c/US09552615-20170124-D00000.png
US-9645604-B1,Circuits and techniques for mesochronous processing ,"Bitfury Group Limited, Valerijs Vavilovs",Valerii Nebesnyi,2016-01-05,2016-01-05,2017-05-09,2017-05-09,https://patents.google.com/patent/US9645604B1/en,https://patentimages.storage.googleapis.com/86/fe/1a/547593f5e22eba/US09645604-20170509-D00000.png
US-9935948-B2,"Biometric data hashing, verification and security ","Case Wallet, Inc.","Stephen L. Schultz, David R. Nilosek, John Dvorak",2015-09-18,2016-09-19,2018-04-03,2018-04-03,https://patents.google.com/patent/US9935948B2/en,https://patentimages.storage.googleapis.com/e1/77/e2/4a91480e03a419/US09935948-20180403-D00000.png
US-9872050-B2,"Method for generating, providing and reproducing digital contents in conjunction with digital currency, and terminal and computer readable recording medium using same ","Joon Sun Uhr, Jay Wu Hong","Joon Sun Uhr, Jay Wu Hong, Richard Ho Yun",2014-06-17,2015-06-12,2018-01-16,2018-01-16,https://patents.google.com/patent/US9872050B2/en,https://patentimages.storage.googleapis.com/61/5a/94/1a7492242ed01a/US09872050-20180116-D00000.png
US-9595034-B2,System and method for monitoring third party access to a restricted item ,Stellenbosch University,"Gert-Jan VAN ROOYEN, Frederick Johannes LUTZ, Herman Arnold ENGELBRECHT",2013-10-25,2014-05-22,2017-03-14,2017-03-14,https://patents.google.com/patent/US9595034B2/en,https://patentimages.storage.googleapis.com/bd/c3/f4/e571a7dcc057c8/US09595034-20170314-D00000.png
US-140937-A,Improvement in stone and glass polishing machines ,,,,,1873-07-15,1873-07-15,https://patents.google.com/patent/US140937A/en,https://patentimages.storage.googleapis.com/pages/US140937-0.png
US-9704143-B2,Cryptographic currency for securities settlement ,Goldman Sachs & Co. LLC,"Paul Walker, Phil J. Venables",2014-05-16,2014-10-30,2017-07-11,2017-07-11,https://patents.google.com/patent/US9704143B2/en,https://patentimages.storage.googleapis.com/a3/56/de/4a36cbd7693479/US09704143-20170711-D00000.png
US-9364950-B2,Trainable modular robotic methods ,Brain Corporation,"Eugene Izhikevich, Dimitry Fisher, Jean-Baptiste Passot, Heathcliff Hatcher, Vadim Polonichko",2014-03-13,2014-03-13,2016-06-14,2016-06-14,https://patents.google.com/patent/US9364950B2/en,https://patentimages.storage.googleapis.com/90/7e/69/f8e217eda2d8fc/US09364950-20160614-D00000.png
US-9533413-B2,Trainable modular robotic apparatus and methods ,Brain Corporation,"Eugene Izhikevich, Dimitry Fisher, Jean-Baptiste Passot, Heathcliff Hatcher, Vadim Polonichko",2014-03-13,2014-03-13,2017-01-03,2017-01-03,https://patents.google.com/patent/US9533413B2/en,https://patentimages.storage.googleapis.com/c8/d1/1c/df948d12455d9d/US09533413-20170103-D00000.png
US-9824408-B2,Browser payment request API ,Monticello Enterprises LLC,"Thomas M. Isaacson, Ryan C. Durham",2014-03-31,2016-09-12,2017-11-21,2017-11-21,https://patents.google.com/patent/US9824408B2/en,https://patentimages.storage.googleapis.com/ea/10/5d/6b4afe75eae27b/US09824408-20171121-D00000.png
US-9425954-B1,Device and method for resonant cryptography ,Global Risk Advisors,Kevin Chalker,2015-09-15,2016-01-04,2016-08-23,2016-08-23,https://patents.google.com/patent/US9425954B1/en,https://patentimages.storage.googleapis.com/05/63/d3/68da0f4906f70d/US09425954-20160823-D00000.png
US-9398018-B2,Virtual currency system ,nTrust Technology Solutions Corp.,"Robert Scott MacGregor, Milagrino Jose C. Ong",2014-03-18,2014-03-18,2016-07-19,2016-07-19,https://patents.google.com/patent/US9398018B2/en,https://patentimages.storage.googleapis.com/11/ee/5c/54f60bb5e56f26/US09398018-20160719-D00000.png
US-9830580-B2,Virtual currency system ,nChain Holdings Limited,"Robert Scott MacGregor, Milagrino Jose C. Ong",2014-03-18,2014-03-18,2017-11-28,2017-11-28,https://patents.google.com/patent/US9830580B2/en,https://patentimages.storage.googleapis.com/75/3c/e0/c6fdddd29a9abd/US09830580-20171128-D00000.png
US-9553982-B2,System and methods for tamper proof interaction recording and timestamping ,"Newvoicemedia, Ltd.",Ashley Unitt,2013-07-06,2015-12-16,2017-01-24,2017-01-24,https://patents.google.com/patent/US9553982B2/en,https://patentimages.storage.googleapis.com/88/34/47/76fd9526faf7a2/US09553982-20170124-D00000.png
